{"text": " Puck Puck Puck", "segments": [{"id": 0, "seek": 0, "start": 0.0, "end": 1.18, "text": " Puck", "tokens": [50365, 430, 1134, 50424], "temperature": 0.0, "avg_logprob": -0.6136966485243577, "compression_ratio": 0.9333333333333333, "no_speech_prob": 2.0685371471262926e-10}, {"id": 1, "seek": 0, "start": 1.18, "end": 3.38, "text": " Puck", "tokens": [50424, 430, 1134, 50534], "temperature": 0.0, "avg_logprob": -0.6136966485243577, "compression_ratio": 0.9333333333333333, "no_speech_prob": 2.0685371471262926e-10}, {"id": 2, "seek": 0, "start": 3.38, "end": 5.76, "text": " Puck", "tokens": [50534, 430, 1134, 50653], "temperature": 0.0, "avg_logprob": -0.6136966485243577, "compression_ratio": 0.9333333333333333, "no_speech_prob": 2.0685371471262926e-10}], "language": "en"}