{"text": " m\u00edo de noche, buenos d\u00edas, mi amo, m\u00edo de noche, m\u00edo de noche.", "segments": [{"id": 0, "seek": 0, "start": 0.0, "end": 9.08, "text": " m\u00edo de noche, buenos d\u00edas, mi amo, m\u00edo de noche, m\u00edo de noche.", "tokens": [50365, 14692, 78, 368, 29735, 11, 49617, 19527, 11, 2752, 43155, 11, 14692, 78, 368, 29735, 11, 14692, 78, 368, 29735, 13, 50819], "temperature": 0.0, "avg_logprob": -0.3952511151631673, "compression_ratio": 1.32, "no_speech_prob": 5.539156633371789e-11}], "language": "es"}